ip,country,region,city,isp,org,asn,lat,lon
94.26.106.109,Germany,Hesse,Kriftel,SAS GENIUSWEER,,AS215607 dataforest GmbH,50.0845,8.4719
68.183.218.89,Germany,Hesse,Frankfurt am Main,"DigitalOcean, LLC","DigitalOcean, LLC","AS14061 DigitalOcean, LLC",50.1169,8.6837
106.227.90.101,China,Jiangxi,Taohua,China Telecom,Chinanet JX,AS149837 China Telecom,28.6742,115.91
146.190.22.211,The Netherlands,North Holland,Amsterdam,"DigitalOcean, LLC","DigitalOcean, LLC","AS14061 DigitalOcean, LLC",52.352,4.9392
117.162.140.162,China,Beijing,Jinrongjie,China Mobile communications corporation,China Mobile,AS56045 China Mobile communications corporation,39.9155,116.36
218.205.31.101,China,Jiangsu,Nanjing,China Mobile communications corporation,China Mobile Communications Corporation,AS56046 China Mobile communications corporation,32.0607,118.763
159.223.51.11,Singapore,South West,Singapore,"DigitalOcean, LLC","DigitalOcean, LLC","AS14061 DigitalOcean, LLC",1.32123,103.695
161.35.145.74,The Netherlands,North Holland,Amsterdam,"DigitalOcean, LLC","DigitalOcean, LLC","AS14061 DigitalOcean, LLC",52.352,4.9392
45.140.17.124,Russia,St.-Petersburg,St Petersburg,Proton66 OOO,Proton66 LLC,AS198953 Proton66 OOO,59.9417,30.3096
161.35.95.119,The Netherlands,North Holland,Amsterdam,"DigitalOcean, LLC","DigitalOcean, LLC","AS14061 DigitalOcean, LLC",52.352,4.9392
220.170.52.145,China,Hunan,Hengyang,Chinanet,,AS4134 CHINANET-BACKBONE,26.891,112.6145
134.209.84.221,The Netherlands,North Holland,Amsterdam,"DigitalOcean, LLC","DigitalOcean, LLC","AS14061 DigitalOcean, LLC",52.352,4.9392
134.209.192.139,The Netherlands,North Holland,Amsterdam,"DigitalOcean, LLC","DigitalOcean, LLC","AS14061 DigitalOcean, LLC",52.352,4.9392
2.57.122.210,The Netherlands,North Holland,Amsterdam,Unmanaged LTD,Techoff SRV Limited,AS47890 UNMANAGED LTD,52.3676,4.90414
194.233.86.234,Singapore,North West,Singapore,Contabo Asia Private Limited,Contabo Asia Private Limited,AS141995 Contabo Asia Private Limited,1.35208,103.82
206.189.106.65,The Netherlands,North Holland,Amsterdam,"DigitalOcean, LLC","DigitalOcean, LLC","AS14061 DigitalOcean, LLC",52.352,4.9392
142.93.229.185,The Netherlands,North Holland,Amsterdam,"DigitalOcean, LLC","DigitalOcean, LLC","AS14061 DigitalOcean, LLC",52.352,4.9392
89.46.101.122,Romania,Bucure?ti,Bucharest,M247 Europe SRL,Clues IPs,AS9009 M247 Europe SRL,44.4268,26.1025
106.12.86.145,China,Beijing,Jinrongjie,"Beijing Baidu Netcom Science and Technology Co., Ltd.","Beijing Baidu Netcom Science and Technology Co., Ltd.","AS38365 Beijing Baidu Netcom Science and Technology Co., Ltd.",39.9116,116.351
121.237.180.222,China,Jiangsu,Nanjing,China Telecom,Chinanet JS,AS146966 China Telecom,32.0607,118.763
193.46.255.99,United Kingdom,England,Rushden,Unmanaged LTD,Unmanaged LTD,AS47890 UNMANAGED LTD,52.2999,-0.613313
91.202.233.33,Turkmenistan,Ashgabat,Ashgabat,Prospero OOO,Prospero OOO,AS200593 PROSPERO OOO,37.95,58.3833
64.225.77.207,The Netherlands,North Holland,Amsterdam,"DigitalOcean, LLC","DigitalOcean, LLC","AS14061 DigitalOcean, LLC",52.352,4.9392
144.31.252.34,The Netherlands,Utrecht,Abcoude,u1host ltd,u1host Amsterdam,AS213877 u1host ltd,52.2721,4.97047
152.42.139.250,The Netherlands,North Holland,Amsterdam,"DigitalOcean, LLC",Digital Ocean,"AS14061 DigitalOcean, LLC",52.352,4.9392
142.93.136.103,The Netherlands,North Holland,Amsterdam,"DigitalOcean, LLC","DigitalOcean, LLC","AS14061 DigitalOcean, LLC",52.352,4.9392
104.248.195.161,The Netherlands,North Holland,Amsterdam,"DigitalOcean, LLC","DigitalOcean, LLC","AS14061 DigitalOcean, LLC",52.352,4.9392
164.92.212.178,The Netherlands,North Holland,Amsterdam,"DigitalOcean, LLC","DigitalOcean, LLC","AS14061 DigitalOcean, LLC",52.352,4.9392
5.187.35.21,The Netherlands,North Holland,Amsterdam,Amarutu Technology Ltd,Amarutu Technology Ltd,AS206264 Amarutu Technology Ltd,52.3676,4.90414
193.46.255.159,United Kingdom,England,Rushden,Unmanaged LTD,Unmanaged LTD,AS47890 UNMANAGED LTD,52.2999,-0.613313
134.209.202.181,The Netherlands,North Holland,Amsterdam,"DigitalOcean, LLC","DigitalOcean, LLC","AS14061 DigitalOcean, LLC",52.352,4.9392
152.42.129.52,The Netherlands,North Holland,Amsterdam,"DigitalOcean, LLC",Digital Ocean,"AS14061 DigitalOcean, LLC",52.352,4.9392
178.62.254.183,The Netherlands,North Holland,Amsterdam,"DigitalOcean, LLC",Digital Ocean,"AS14061 DigitalOcean, LLC",52.352,4.9392
213.209.159.159,Germany,Bavaria,Augsburg,Feo Prest SRL,Feo Prest SRL,AS208137 Feo Prest SRL,48.3459,10.9161
159.223.229.57,The Netherlands,North Holland,Amsterdam,"DigitalOcean, LLC","DigitalOcean, LLC","AS14061 DigitalOcean, LLC",52.352,4.9392
170.64.149.90,Australia,New South Wales,Sydney,"DigitalOcean, LLC","DigitalOcean, LLC","AS14061 DigitalOcean, LLC",-33.8978,151.1899
159.223.210.92,The Netherlands,North Holland,Amsterdam,"DigitalOcean, LLC","DigitalOcean, LLC","AS14061 DigitalOcean, LLC",52.352,4.9392
167.71.66.110,The Netherlands,North Holland,Amsterdam,"DigitalOcean, LLC","DigitalOcean, LLC","AS14061 DigitalOcean, LLC",52.352,4.9392
80.94.92.165,The Netherlands,North Holland,Amsterdam,Unmanaged LTD,Techoff SRV Limited,AS47890 UNMANAGED LTD,52.3676,4.90414
129.212.189.35,United States,Georgia,Douglasville,"DigitalOcean, LLC","DigitalOcean, LLC","AS14061 DigitalOcean, LLC",33.7655,-84.6469
165.232.80.216,The Netherlands,North Holland,Amsterdam,"DigitalOcean, LLC","DigitalOcean, LLC","AS14061 DigitalOcean, LLC",52.352,4.9392
165.245.131.62,United States,Georgia,Douglasville,"DigitalOcean, LLC",Digital Ocean,"AS14061 DigitalOcean, LLC",33.7655,-84.6469
178.62.192.152,The Netherlands,North Holland,Amsterdam,"DigitalOcean, LLC",Digital Ocean,"AS14061 DigitalOcean, LLC",52.352,4.9392
174.138.3.65,The Netherlands,North Holland,Amsterdam,"DigitalOcean, LLC","DigitalOcean, LLC","AS14061 DigitalOcean, LLC",52.352,4.9392
193.46.255.20,United Kingdom,England,Rushden,Unmanaged LTD,Unmanaged LTD,AS47890 UNMANAGED LTD,52.2999,-0.613313
193.46.255.7,United Kingdom,England,Rushden,Unmanaged LTD,Unmanaged LTD,AS47890 UNMANAGED LTD,52.2999,-0.613313
222.66.78.213,China,Shanghai,Shanghai,China Telecom (Group),"Yu Qiao design decoration (Shanghai) Co., Ltd.",AS4812 China Telecom (Group),31.218,121.443
159.65.201.72,The Netherlands,North Holland,Amsterdam,"DigitalOcean, LLC","DigitalOcean, LLC","AS14061 DigitalOcean, LLC",52.352,4.9392
206.189.106.66,The Netherlands,North Holland,Amsterdam,"DigitalOcean, LLC","DigitalOcean, LLC","AS14061 DigitalOcean, LLC",52.352,4.9392
213.209.159.158,Germany,Bavaria,Augsburg,Feo Prest SRL,Feo Prest SRL,AS208137 Feo Prest SRL,48.3459,10.9161
2.57.121.25,United Kingdom,England,Rushden,Unmanaged LTD,Unmanaged LTD,AS47890 UNMANAGED LTD,52.2999,-0.613313
206.189.8.21,The Netherlands,North Holland,Amsterdam,"DigitalOcean, LLC","DigitalOcean, LLC","AS14061 DigitalOcean, LLC",52.352,4.9392
88.87.36.169,Sweden,Västra Götaland County,Gothenburg,IP-ONLY,Viasat Satellite Services AB,AS12552 GlobalConnect AB,57.7072,11.9668
188.166.15.165,The Netherlands,North Holland,Amsterdam,"DigitalOcean, LLC",Digital Ocean,"AS14061 DigitalOcean, LLC",52.352,4.9392
146.190.231.37,The Netherlands,North Holland,Amsterdam,"DigitalOcean, LLC","DigitalOcean, LLC","AS14061 DigitalOcean, LLC",52.352,4.9392
209.38.38.69,The Netherlands,North Holland,Amsterdam,"DigitalOcean, LLC","DigitalOcean, LLC","AS14061 DigitalOcean, LLC",52.352,4.9392
152.42.141.26,The Netherlands,North Holland,Amsterdam,"DigitalOcean, LLC",Digital Ocean,"AS14061 DigitalOcean, LLC",52.352,4.9392
45.93.168.13,The Netherlands,North Holland,Amsterdam,Turunc Smart Bilgisayar Teknoloji Ve Dis Ticaret Limited Sirketi,,AS48011 Turunc Smart Bilgisayar Teknoloji Ve Dis Ticaret Limited Sirketi,52.3676,4.90414
193.46.255.244,United Kingdom,England,Rushden,Unmanaged LTD,Unmanaged LTD,AS47890 UNMANAGED LTD,52.2999,-0.613313
160.191.171.42,Indonesia,Central Java,Semarang,Universitas Katholik Soegijapranata,Indonesia Network Information Center,AS153154 Universitas Katholik Soegijapranata,-6.99306,110.421
45.148.10.121,The Netherlands,North Holland,Amsterdam,Techoff SRV Limited,Techoff SRV Limited,AS48090 TECHOFF SRV LIMITED,52.3759,4.8975
193.46.255.217,United Kingdom,England,Rushden,Unmanaged LTD,Unmanaged LTD,AS47890 UNMANAGED LTD,52.2999,-0.613313
167.172.41.57,The Netherlands,North Holland,Amsterdam,"DigitalOcean, LLC","DigitalOcean, LLC","AS14061 DigitalOcean, LLC",52.352,4.9392
188.166.105.24,The Netherlands,North Holland,Amsterdam,"DigitalOcean, LLC",Digital Ocean,"AS14061 DigitalOcean, LLC",52.352,4.9392
45.135.232.92,Russia,St.-Petersburg,St Petersburg,Proton66 OOO,Proton66 LLC,AS198953 Proton66 OOO,59.9417,30.3096
148.72.168.29,United States,Missouri,St Louis,velia.net,GoDaddy.com,AS30083 velia.net,38.6287,-90.1988
167.99.47.230,The Netherlands,North Holland,Amsterdam,"DigitalOcean, LLC","DigitalOcean, LLC","AS14061 DigitalOcean, LLC",52.352,4.9392
180.93.96.214,Vietnam,Ho Chi Minh City (HCMC),Qu?n B?n,SPT,Saigon Postel Corporation,AS7602 Sai gon Postel Corporation,10.7644,106.696
2.57.121.112,United Kingdom,England,Rushden,Unmanaged LTD,Unmanaged LTD,AS47890 UNMANAGED LTD,52.2999,-0.613313
164.92.212.221,The Netherlands,North Holland,Amsterdam,"DigitalOcean, LLC","DigitalOcean, LLC","AS14061 DigitalOcean, LLC",52.352,4.9392
80.94.93.119,United Kingdom,England,Harrow,Unmanaged LTD,Unmanaged LTD,AS47890 UNMANAGED LTD,51.5875,-0.30236
134.209.84.159,The Netherlands,North Holland,Amsterdam,"DigitalOcean, LLC","DigitalOcean, LLC","AS14061 DigitalOcean, LLC",52.352,4.9392
188.166.39.206,The Netherlands,North Holland,Amsterdam,"DigitalOcean, LLC",Digital Ocean,"AS14061 DigitalOcean, LLC",52.352,4.9392
178.62.249.17,The Netherlands,North Holland,Amsterdam,"DigitalOcean, LLC",Digital Ocean,"AS14061 DigitalOcean, LLC",52.352,4.9392
104.248.89.69,The Netherlands,North Holland,Amsterdam,"DigitalOcean, LLC","DigitalOcean, LLC","AS14061 DigitalOcean, LLC",52.352,4.9392
164.90.199.144,The Netherlands,North Holland,Amsterdam,"DigitalOcean, LLC","DigitalOcean, LLC","AS14061 DigitalOcean, LLC",52.352,4.9392
81.192.46.29,Morocco,Marrakesh-Safi,Marrakesh,ONPT,Office National des Postes et Telecommunications ONPT (Maroc Telecom) / IAM,AS6713 Office National des Postes et Telecommunications ONPT (Maroc Telecom) / IAM,31.6348,-8.0025
193.46.255.103,United Kingdom,England,Rushden,Unmanaged LTD,Unmanaged LTD,AS47890 UNMANAGED LTD,52.2999,-0.613313
193.32.162.145,The Netherlands,North Holland,Amsterdam,Unmanaged LTD,Techoff SRV Limited,AS47890 UNMANAGED LTD,52.3676,4.90414
3.126.146.84,Germany,Hesse,Frankfurt am Main,Amazon Technologies Inc.,AWS EC2 (eu-central-1),"AS16509 Amazon.com, Inc.",50.1109,8.68213
164.92.212.1,The Netherlands,North Holland,Amsterdam,"DigitalOcean, LLC","DigitalOcean, LLC","AS14061 DigitalOcean, LLC",52.352,4.9392
111.119.204.66,Singapore,North West,Singapore,Huawei International Pte. LTD,,AS136907 HUAWEI CLOUDS,1.352,103.8198
178.128.247.58,The Netherlands,North Holland,Amsterdam,"DigitalOcean, LLC",Digitalocean,"AS14061 DigitalOcean, LLC",52.352,4.9392
193.46.255.33,United Kingdom,England,Rushden,Unmanaged LTD,Unmanaged LTD,AS47890 UNMANAGED LTD,52.2999,-0.613313
46.101.95.9,United Kingdom,England,Slough,"DigitalOcean, LLC",Digitalocean,"AS14061 DigitalOcean, LLC",51.5177,-0.6215
134.199.194.112,United States,Georgia,Douglasville,"DigitalOcean, LLC","DigitalOcean, LLC","AS14061 DigitalOcean, LLC",33.7655,-84.6469
129.212.183.93,United States,Georgia,Douglasville,"DigitalOcean, LLC","DigitalOcean, LLC","AS14061 DigitalOcean, LLC",33.7655,-84.6469
46.101.81.183,United Kingdom,England,Slough,"DigitalOcean, LLC",Digitalocean,"AS14061 DigitalOcean, LLC",51.5177,-0.6215
178.62.196.213,The Netherlands,North Holland,Amsterdam,"DigitalOcean, LLC",Digital Ocean,"AS14061 DigitalOcean, LLC",52.352,4.9392
170.64.211.216,Australia,New South Wales,Sydney,"DigitalOcean, LLC","DigitalOcean, LLC","AS14061 DigitalOcean, LLC",-33.8978,151.1899
117.50.71.117,China,Beijing,Beijing,UCLOUD,Shanghai UCloud Information Technology Company Limited,"AS23724 IDC, China Telecommunications Corporation",39.9042,116.407
119.28.151.198,South Korea,Seoul,Seoul,ComsenzNet,"Tencent cloud computing (Beijing) Co., Ltd.","AS132203 Tencent Building, Kejizhongyi Avenue",37.5658,126.978
157.245.79.31,The Netherlands,North Holland,Amsterdam,"DigitalOcean, LLC","DigitalOcean, LLC","AS14061 DigitalOcean, LLC",52.352,4.9392
178.62.250.23,The Netherlands,North Holland,Amsterdam,"DigitalOcean, LLC",Digital Ocean,"AS14061 DigitalOcean, LLC",52.352,4.9392
45.156.87.246,The Netherlands,Limburg,Eygelshoven,Pfcloud UG (haftungsbeschrankt),VMHeaven.io,AS51396 Pfcloud UG,50.8897,6.0563
46.151.182.230,Ukraine,Kyiv City,Kyiv,"Optibounce, LLC",Demenin B.V,"AS214967 Optibounce, LLC",50.4504,30.5245
80.94.93.233,United Kingdom,England,Harrow,Unmanaged LTD,Unmanaged LTD,AS47890 UNMANAGED LTD,51.5875,-0.30236
